INSERT INTO GAMES (ID, NAME, ABBREVIATION) VALUES (1, 'CARDFIGHT VANGUARD', 'CFV');
INSERT INTO GAMES (ID, NAME, ABBREVIATION) VALUES (2, 'MAGIC THE GATHERING', 'MTG');
INSERT INTO EXPANSION (ID, NAME, ABBREVIATION, RELEASE_DATE, RELEASED, GAME_ID) VALUES (1, 'D Booster Set 08: Minerva Rising', 'DBT08', {ts '2023-02-23 00.00.00'}, FALSE, 1);
INSERT INTO EXPANSION (ID, NAME, ABBREVIATION, RELEASE_DATE, RELEASED, GAME_ID) VALUES (2, 'La Guerra de los Hermanos', 'BROTH', {ts '2022-11-15 00.00.00'}, TRUE, 2);
INSERT INTO EXPANSION (ID, NAME, ABBREVIATION, RELEASE_DATE, RELEASED, GAME_ID) VALUES (3, 'D Booster Set 09: Dragontree Invasion', 'DBT09', {ts '2022-11-15 00.00.00'}, TRUE, 1);
INSERT INTO EXPANSION (ID, NAME, ABBREVIATION, RELEASE_DATE, RELEASED, GAME_ID) VALUES (4, 'D Booster Set 10: Dragon Masquerade', 'DBT10', {ts '2022-11-15 00.00.00'}, TRUE, 1);
INSERT INTO EXPANSION (ID, NAME, ABBREVIATION, RELEASE_DATE, RELEASED, GAME_ID) VALUES (5, 'D Booster Set 11: Clash of the Heroes', 'DBT11', {ts '2022-11-15 00.00.00'}, TRUE, 1);
INSERT INTO EXPANSION (ID, NAME, ABBREVIATION, RELEASE_DATE, RELEASED, GAME_ID) VALUES (6, 'Dominaria', 'DOM', {ts '2022-11-15 00.00.00'}, TRUE, 2);
INSERT INTO EXPANSION (ID, NAME, ABBREVIATION, RELEASE_DATE, RELEASED, GAME_ID) VALUES (7, 'Gremios de Ravnica', 'GRN', {ts '2022-11-15 00.00.00'}, TRUE, 2);
INSERT INTO EXPANSION (ID, NAME, ABBREVIATION, RELEASE_DATE, RELEASED, GAME_ID) VALUES (8, 'La lealtad de Ravnica', 'RNA', {ts '2022-11-15 00.00.00'}, TRUE, 2);
INSERT INTO EXPANSION (ID, NAME, ABBREVIATION, RELEASE_DATE, RELEASED, GAME_ID) VALUES (9, 'La Guerra de la Chispa', 'WAR', {ts '2022-11-15 00.00.00'}, TRUE, 2);
INSERT INTO EXPANSION (ID, NAME, ABBREVIATION, RELEASE_DATE, RELEASED, GAME_ID) VALUES (10, 'El trono de Eldraine', 'ELD', {ts '2022-11-15 00.00.00'}, TRUE, 2);
INSERT INTO EXPANSION (ID, NAME, ABBREVIATION, RELEASE_DATE, RELEASED, GAME_ID) VALUES (11, 'Theros: Más alla de la muerte', 'THB', {ts '2022-11-15 00.00.00'}, TRUE, 2);
INSERT INTO EXPANSION (ID, NAME, ABBREVIATION, RELEASE_DATE, RELEASED, GAME_ID) VALUES (12, 'Ikoria: Mundo de behemots', 'IKO', {ts '2022-11-15 00.00.00'}, TRUE, 2);

INSERT INTO CARD (ID, NAME, RARITY,  IMAGE) VALUES (1, 'Peak Personage Stealth Rogue, Shojodoji', 'RRR', null);
INSERT INTO CARD (ID, NAME, RARITY,  IMAGE) VALUES (2, 'Stealth Dragon, Unpreceden', 'RRR', null);
INSERT INTO CARD (ID, NAME, RARITY, IMAGE) VALUES (3, 'Silver Thorn Dragon Tamer, Luquier', 'RRR', null);
INSERT INTO CARD_EXPANSION(CARD_ID, EXPANSION_ID) VALUES (1, 1);
INSERT INTO CARD_EXPANSION(CARD_ID, EXPANSION_ID) VALUES (2, 2);
INSERT INTO CARD_EXPANSION(CARD_ID, EXPANSION_ID) VALUES (3, 2);
INSERT INTO SALES (ID, SALE_DATE, SALE_PRICE, STATUS) VALUES (1, {ts '2022-11-15 00.00.00'}, 200, 'sent');
INSERT INTO SALE_DETAILS (ID, CARD_ID, EXPANSION_ID, SALE_ID, QUANTITY, UNITARY_PRICE) VALUES (1, 1, 1, 1, 4, 50);
INSERT INTO SALE_DETAILS (ID, CARD_ID, EXPANSION_ID, SALE_ID, QUANTITY, UNITARY_PRICE) VALUES (2, 2, 2, 1, 2, 20);
INSERT INTO SALES (ID, SALE_DATE, SALE_PRICE, STATUS) VALUES (2, {ts '2022-11-15 00.00.00'}, 300, 'paid');
INSERT INTO SALE_DETAILS (ID, CARD_ID, EXPANSION_ID, SALE_ID, QUANTITY, UNITARY_PRICE) VALUES (3, 1, 1, 2, 4, 50);
INSERT INTO SALE_DETAILS (ID, CARD_ID, EXPANSION_ID, SALE_ID, QUANTITY, UNITARY_PRICE) VALUES (4, 2, 2, 2, 2, 20);
INSERT INTO OFFERS (ID, CARD_ID, EXPANSION_ID, QUANTITY, UNITARY_PRICE) VALUES (1, 1, 1, 4, 3);
INSERT INTO OFFERS (ID, CARD_ID, EXPANSION_ID, QUANTITY, UNITARY_PRICE) VALUES (2, 2, 2, 4, 3);
INSERT INTO OFFERS (ID, CARD_ID, EXPANSION_ID, QUANTITY, UNITARY_PRICE) VALUES (3, 3, 2, 4, 3);
INSERT INTO USERS (NAME, LAST_NAME, EMAIL, PASSWORD)  VALUES ('John', 'Doe', 'prueba@email.com', '1');

