INSERT INTO GAMES (ID, NAME, ABBREVIATION) VALUES (1, 'CARDFIGHT VANGUARD', 'CFV');
INSERT INTO GAMES (ID, NAME, ABBREVIATION) VALUES (2, 'MAGIC THE GATHERING', 'MTG');
INSERT INTO EXPANSION (ID, NAME, ABBREVIATION, RELEASE_DATE, RELEASED, GAME_ID) VALUES (1, 'D Booster Set 08: Minerva Rising', 'DBT08', {ts '2023-02-23 00.00.00'}, FALSE, 1);
INSERT INTO EXPANSION (ID, NAME, ABBREVIATION, RELEASE_DATE, RELEASED, GAME_ID) VALUES (2, 'La Guerra de los Hermanos', 'BROTH', {ts '2022-11-15 00.00.00'}, TRUE, 2);
INSERT INTO CARD (ID, NAME, RARITY, QUANTITY, IMAGE) VALUES (1, 'Peak Personage Stealth Rogue, Shojodoji', 'RRR', 10, null);
INSERT INTO CARD (ID, NAME, RARITY, QUANTITY, IMAGE) VALUES (2, 'Stealth Dragon, Unpreceden', 'RRR', 17, null);
INSERT INTO CARD (ID, NAME, RARITY, QUANTITY, IMAGE) VALUES (3, 'Silver Thorn Dragon Tamer, Luquier', 'RRR', 15, null);
INSERT INTO CARD_EXPANSION(CARD_ID, EXPANSION_ID) VALUES (1, 1);
INSERT INTO CARD_EXPANSION(CARD_ID, EXPANSION_ID) VALUES (2, 2);
INSERT INTO SALES (ID, SALE_DATE, SALE_PRICE, STATUS) VALUES (1, {ts '2022-11-15 00.00.00'}, 200, 'sent');
INSERT INTO SALE_DETAILS (ID, CARD_ID, EXPANSION_ID, SALE_ID, QUANTITY, UNITARY_PRICE) VALUES (1, 1, 1, 1, 4, 50);
INSERT INTO SALE_DETAILS (ID, CARD_ID, EXPANSION_ID, SALE_ID, QUANTITY, UNITARY_PRICE) VALUES (2, 2, 2, 1, 2, 20);
INSERT INTO SALES (ID, SALE_DATE, SALE_PRICE, STATUS) VALUES (2, {ts '2022-11-15 00.00.00'}, 300, 'paid');
INSERT INTO SALE_DETAILS (ID, CARD_ID, EXPANSION_ID, SALE_ID, QUANTITY, UNITARY_PRICE) VALUES (3, 1, 1, 2, 4, 50);
INSERT INTO SALE_DETAILS (ID, CARD_ID, EXPANSION_ID, SALE_ID, QUANTITY, UNITARY_PRICE) VALUES (4, 2, 2, 2, 2, 20);
INSERT INTO OFFERS (ID, CARD_ID, EXPANSION_ID, QUANTITY, UNITARY_PRICE) VALUES (1, 1, 1, 4, 3);

